10.88,2085,0
11.01,2086,0
10.22,2086,0
10.74,2085,0
11.12,2085,0
11.48,2085,0
10.94,2086,0
11.19,2086,0
10.85,2086,0
10.03,2085,0
10.68,2086,0
10.79,2086,0
11.38,2086,0
10.12,2085,0
10.49,2085,0
9.68,2086,0
10.09,2085,0
11.11,2085,0
11.45,2085,0
10.12,2085,0
11.53,2086,0
10.14,2085,0
10.69,2085,0
11.18,2085,0
11.24,2086,0
11.48,2086,0
11.02,2085,0
10.12,2085,0
12.07,2085,0
9.85,2086,0
10.54,2085,0
10.96,2085,0
10.92,2085,0
11.15,2086,0
9.95,2086,0
12.17,2085,0
11.65,2085,0
11.44,2086,0
10.65,2085,0
10.17,2085,0
10.51,2086,0
9.85,2086,0
9.49,2086,0
10.59,2086,0
9.44,2086,0
10.82,2085,0
10.28,2086,0
10.13,2086,0
11.15,2086,0
9.34,2086,0
10.74,2085,0
11.11,2086,0
10.77,2085,0
10.7,2085,0
9.74,2085,0
10.76,2085,0
11.47,2085,0
11.19,2086,0
11.51,2085,0
9.92,2085,0
10.12,2086,0
11.36,2085,0
10.41,2085,0
10.68,2086,0
9.67,2085,0
10.24,2086,0
9.52,2085,0
10.94,2086,0
11.11,2086,0
11.11,2085,0
11.12,2086,0
11.22,2085,0
11.74,2086,0
9.72,2086,0
9.94,2085,0
10.55,2086,0
10.88,2085,0
10.87,2086,0
11.01,2085,0
11.1,2085,0
9.92,2086,0
10.31,2086,0
10.16,2086,0
11.15,2085,0
10.61,2085,0
10.45,2085,0
10.37,2085,0
10.99,2085,0
10.94,2085,0
11.23,2086,0
11.47,2085,0
10.78,2085,0
11.54,2085,0
9.88,2086,0
9.78,2086,0
11.35,2086,0
10.95,2086,0
10.43,2085,0
11.13,2085,0
11.34,2085,0
10.88,2086,0
10.35,2085,0
10.51,2085,0
10.68,2085,0
10.65,2085,0
9.93,2085,0
10.91,2086,0
9.9,2086,0
10.8,2086,0
9.2,2085,0
10.24,2085,0
10.86,2086,0
9.97,2086,0
10.61,2085,0
10.67,2086,0
9.89,2086,0
10.61,2085,0
11.87,2086,0
11.17,2086,0
10.64,2085,0
10.37,2086,0
11.74,2086,0
10.67,2085,0
10.06,2085,0
11.56,2085,0
10.03,2085,0
10.02,2085,0
10.77,2086,0
9.61,2085,0
10.62,2085,0
10.48,2085,0
11.32,2085,0
11.49,2085,0
10.47,2085,0
10.43,2085,0
10.73,2086,0
9.71,2086,0
9.58,2085,0
10.18,2085,0
10.99,2086,0
10.94,2085,0
10.39,2085,0
10.99,2086,0
10.85,2086,0
9.52,2086,0
11.67,2086,0
10.56,2085,0
11.97,2085,0
11.28,2086,0
11.47,2086,0
10.69,2085,0
9.76,2086,0
11.13,2085,0
10.55,2085,0
11.37,2085,0
10.46,2086,0
10.38,2086,0
10.65,2086,0
11.13,2085,0
10.55,2086,0
10.11,2086,0
10.08,2085,0
10.06,2085,0
10.17,2085,0
10,2085,0
10.64,2085,0
10.02,2085,0
9.61,2085,0
10.32,2085,0
9.52,2085,0
10.06,2085,0
10.55,2086,0
10.72,2085,0
10.67,2085,0
11.04,2085,0
10.47,2085,0
11.53,2086,0
11.12,2086,0
10.27,2086,0
10.32,2085,0
10.28,2085,0
10.95,2086,0
11.96,2085,0
10.21,2085,0
10.58,2086,0
10.48,2086,0
10,2086,0
10.3,2086,0
10.69,2085,0
11.06,2086,0
11.36,2085,0
10.51,2085,0
10.97,2086,0
12.05,2086,0
11.4,2086,0
11.53,2085,0
10.14,2085,0
9.6,2085,0
10.63,2085,0
9.19,2086,0
9.96,2086,0
10.05,2085,0
10.14,2086,0
10.7,2085,0
9.36,2085,0
11.99,2086,0
11.63,2085,0
11.43,2085,0
11.01,2085,0
10.41,2086,0
11,2085,0
9.57,2086,0
9.49,2086,0
10.81,2085,0
9.98,2085,0
9.73,2085,0
11.04,2085,0
10.17,2085,0
10.35,2086,0
10.92,2086,0
11,2085,0
10.45,2086,0
10.62,2085,0
10.04,2086,0
11.09,2085,0
10.66,2086,0
10.22,2085,0
11.15,2086,0
9.66,2085,0
10.86,2086,0
10.44,2086,0
10.51,2085,0
9.99,2085,0
11.39,2085,0
10.61,2085,0
10.72,2085,0
11.97,2085,0
10.14,2085,0
10.26,2085,0
11.62,2086,0
11.37,2086,0
11.33,2085,0
11.1,2085,0
10.27,2086,0
10.16,2086,0
10.75,2086,0
11.02,2086,0
10.13,2085,0
9.99,2085,0
10.28,2086,0
9.99,2085,0
11.2,2085,0
9.68,2085,0
10.79,2085,0
10.06,2085,0
9.76,2086,0
10.57,2085,0
9.94,2085,0
10.29,2085,0
10.58,2085,0
12.06,2085,0
11.37,2085,0
10.62,2085,0
10.85,2086,0
10.17,2085,0
11.19,2086,0
11.7,2086,0
10.53,2085,0
10.52,2086,0
11.6,2085,0
11.22,2085,0
11.24,2086,0
10.94,2085,0
10.46,2085,0
10.66,2085,0
10.01,2085,0
11.05,2086,0
11.26,2086,0
10.2,2085,0
10.7,2086,0
10.81,2086,0
10.73,2085,0
10.82,2086,0
11.36,2085,0
10.75,2085,0
11.05,2086,0
10.37,2086,0
9.99,2085,0
11.03,2086,0
11.74,2085,0
11.72,2086,0
10.5,2086,0
9.6,2085,0
10.94,2086,0
11.34,2085,0
11.7,2086,0
10.72,2085,0
11.88,2086,0
12.06,2085,0
9.83,2086,0
11.02,2086,0
10.96,2085,0
11.37,2085,0
10.73,2086,0
10,2086,0
10.57,2085,0
11.48,2085,0
10.07,2085,0
10.31,2086,0
10.84,2085,0
11.99,2085,0
10.03,2086,0
10.34,2086,0
10.21,2085,0
10.57,2085,0
10.94,2086,0
10.52,2085,0
11.13,2086,0
11.3,2086,0
11.41,2085,0
11.35,2086,0
11.61,2086,0
11.1,2085,0
10.45,2085,0
11.35,2086,0
10.17,2086,0
10.79,2085,0
9.59,2085,0
10.61,2085,0
12.2,2085,0
10.85,2086,0
11.3,2085,0
11.42,2086,0
10.1,2085,0
10.54,2086,0
10.49,2085,0
11.08,2085,0
11.16,2086,0
11.73,2086,0
10.61,2086,0
10.73,2085,0
11.12,2085,0
11.32,2085,0
10.07,2086,0
11.66,2086,0
10.45,2086,0
11.1,2085,0
10.54,2086,0
10.67,2086,0
10.69,2086,0
10.53,2085,0
10.34,2086,0
11.7,2086,0
10.64,2085,0
10.63,2086,0
11.82,2085,0
10.87,2085,0
10.78,2085,0
10.79,2086,0
10.69,2086,0
11.24,2086,0
11.82,2086,0
11.54,2085,0
10.85,2086,0
10.04,2086,0
11.12,2086,0
9.89,2085,0
10.04,2085,0
12.27,2085,0
9.58,2086,0
10.44,2085,0
10.28,2086,0
11.18,2086,0
10.9,2085,0
10.64,2085,0
10.86,2085,0
11.36,2086,0
12.08,2086,0
11.12,2085,0
11.84,2085,0
10.15,2086,0
10.37,2085,0
10.62,2085,0
11.79,2085,0
11,2086,0
10.67,2085,0
10.67,2085,0
10.14,2086,0
10.77,2086,0
10.16,2086,0
11.46,2086,0
10.81,2085,0
11.61,2085,0
10.72,2086,0
10.2,2086,0
11.1,2086,0
10.07,2085,0
11.55,2086,0
10.17,2086,0
10.4,2085,0
9.98,2086,0
10.72,2085,0
10.04,2086,0
10.16,2086,0
11.79,2085,0
10.84,2086,0
10.93,2086,0
10.69,2086,0
11.3,2086,0
11.36,2085,0
11.7,2086,0
11.96,2085,0
12.13,2085,0
11.72,2085,0
11.22,2086,0
11.17,2086,0
11.38,2085,0
11.69,2085,0
10.89,2086,0
11.87,2086,0
10.89,2085,0
10.3,2085,0
10.06,2086,0
9.85,2085,0
9.86,2086,0
10.59,2085,0
11.04,2085,0
11.75,2085,0
10.51,2086,0
11.98,2085,0
10.33,2086,0
11.25,2086,0
11.66,2085,0
10.94,2086,0
11.45,2086,0
11.44,2086,0
10.36,2085,0
11.17,2085,0
9.74,2086,0
10.51,2085,0
10.68,2085,0
10.42,2085,0
10.11,2085,0
10.52,2086,0
11.09,2085,0
10.79,2086,0
9.86,2085,0
10.83,2085,0
10.86,2085,0
10.44,2086,0
11.42,2086,0
10.19,2085,0
11.15,2086,0
10.57,2086,0
10.51,2085,0
10.05,2086,0
10.67,2085,0
10.63,2085,0
9.78,2085,0
9.65,2086,0
9.7,2085,0
10.05,2086,0
10.18,2085,0
10.76,2086,0
11.18,2085,0
9.67,2085,0
10.02,2085,0
11,2085,0
10.61,2086,0
9.42,2086,0
9.41,2085,0
11.16,2086,0
10.94,2085,0
10.93,2086,0
10.03,2086,0
10.67,2085,0
10.66,2086,0
10.71,2085,0
9.9,2086,0
11.45,2085,0
10.41,2086,0
11.24,2086,0
10.48,2085,0
11.21,2085,0
11.08,2085,0
11.91,2086,0
11.51,2086,0
9.49,2085,0
10.15,2086,0
10.63,2085,0
9.94,2085,0
9.76,2085,0
10.39,2086,0
10.33,2085,0
9.71,2085,0
10,2085,0
10.6,2086,0
10.23,2086,0
10.52,2086,0
11.31,2085,0
10.42,2085,0
10.43,2085,0
10.27,2085,0
11.15,2086,0
10.11,2086,0
10.97,2086,0
11.08,2086,0
11.37,2085,0
11.53,2086,0
11.72,2085,0
11.11,2086,0
9.94,2086,0
11.11,2086,0
10.25,2085,0
10.65,2085,0
10.63,2085,0
11.55,2085,0
11.52,2085,0
11.89,2085,0
10.48,2086,0
10.73,2086,0
10.99,2085,0
11.09,2085,0
10.18,2085,0
10.99,2085,0
10.09,2085,0
10.34,2085,0
11.7,2086,0
10.85,2086,0
11.72,2086,0
11.41,2085,0
10.87,2086,0
10.86,2086,0
11.4,2085,0
10.03,2086,0
10.6,2085,0
10.18,2085,0
9.92,2085,0
11.25,2085,0
11.37,2085,0
10.24,2087,0
11.11,2087,0
10.72,2087,0
11.59,2088,0
11.52,2088,0
10.35,2087,0
11.23,2087,0
11.47,2087,0
11.09,2087,0
10.1,2087,0
10.5,2088,0
11.81,2088,0
11.06,2088,0
11.81,2088,0
10.41,2087,0
9.74,2087,0
9.79,2088,0
9.6,2087,0
10.84,2087,0
10.24,2088,0
10.31,2087,0
10.34,2087,0
11.02,2087,0
10.9,2087,0
11.76,2087,0
9.88,2088,0
10.93,2088,0
10.26,2087,0
10.02,2087,0
10.98,2087,0
11.82,2088,0
10.87,2087,0
10.23,2087,0
10.37,2088,0
9.94,2087,0
9.98,2087,0
10.06,2087,0
11.89,2087,0
10.31,2087,0
10.33,2087,0
10.49,2087,0
10.07,2088,0
9.71,2088,0
9.99,2087,0
10.91,2088,0
11.26,2088,0
11.1,2087,0
10.65,2087,0
10.65,2087,0
11.41,2087,0
10.75,2088,0
10.14,2088,0
11.03,2087,0
10.83,2087,0
11.22,2088,0
10.87,2088,0
11.38,2088,0
11.67,2087,0
10.95,2087,0
10.54,2088,0
11.21,2087,0
10.58,2088,0
10.21,2087,0
10.45,2087,0
10.99,2088,0
10.33,2087,0
10.73,2087,0
10.38,2087,0
11.6,2087,0
10.41,2087,0
11.61,2087,0
10.79,2087,0
10.43,2087,0
9.62,2088,0
9.97,2088,0
10.31,2088,0
9.99,2087,0
11.28,2088,0
11.86,2087,0
11.78,2087,0
11.22,2087,0
10.83,2088,0
10.44,2088,0
10.25,2088,0
10.6,2088,0
10.68,2087,0
10.95,2087,0
11.8,2088,0
11.35,2087,0
11.89,2088,0
10.24,2088,0
9.77,2088,0
10.33,2087,0
10.88,2088,0
10.06,2088,0
10.07,2088,0
11.1,2087,0
10.54,2088,0
10.71,2087,0
11.01,2087,0
10.31,2087,0
11.22,2087,0
10.24,2088,0
11.03,2088,0
11.26,2088,0
9.93,2087,0
9.64,2087,0
10.09,2087,0
10.64,2087,0
11.1,2088,0
11.61,2087,0
10.96,2088,0
10.29,2088,0
10.32,2087,0
9.98,2087,0
9.93,2087,0
10.27,2088,0
9.93,2088,0
10.18,2087,0
11.28,2088,0
10.2,2087,0
10.85,2088,0
11.33,2088,0
9.99,2088,0
11.04,2088,0
10.17,2088,0
10.03,2087,0
10.88,2088,0
10.8,2088,0
10.28,2087,0
10.78,2087,0
10.18,2087,0
10.93,2087,0
10.65,2087,0
11.23,2087,0
9.73,2087,0
10.46,2087,0
9.69,2088,0
10.28,2087,0
11.07,2087,0
10.63,2087,0
11.16,2087,0
10.51,2087,0
10.87,2088,0
10.31,2088,0
10.91,2088,0
10.26,2087,0
9.09,2088,0
10.14,2088,0
9.31,2087,0
10.95,2088,0
10.81,2088,0
10.67,2088,0
10.91,2087,0
10.55,2088,0
11.54,2088,0
11.57,2087,0
10.67,2087,0
9.6,2088,0
10.44,2087,0
9.85,2087,0
10.18,2088,0
10.14,2087,0
10.81,2087,0
9.86,2087,0
10.89,2087,0
9.87,2088,0
10.12,2088,0
10.71,2088,0
10.5,2087,0
10.84,2087,0
10.15,2088,0
10.13,2088,0
10.9,2087,0
11.65,2088,0
9.66,2087,0
10.68,2088,0
10.03,2088,0
9.78,2088,0
11.36,2087,0
11.54,2087,0
10.92,2087,0
11.56,2088,0
10.13,2087,0
11.08,2088,0
10.69,2087,0
11.55,2088,0
11.22,2088,0
9.72,2087,0
11.97,2087,0
10.32,2087,0
10.5,2088,0
10.94,2087,0
10.49,2087,0
10.47,2087,0
9.94,2088,0
10.82,2088,0
9.17,2088,0
11.17,2087,0
10.42,2088,0
10.68,2088,0
10.21,2088,0
9.79,2088,0
11.03,2087,0
10.34,2087,0
10.25,2087,0
10.06,2087,0
10.59,2088,0
11.66,2088,0
10.44,2088,0
10.69,2088,0
10.87,2088,0
10.92,2087,0
11.27,2087,0
10.27,2088,0
10.63,2088,0
10.66,2088,0
10.41,2087,0
11.09,2087,0
10.65,2087,0
10.37,2087,0
9.52,2087,0
11.39,2087,0
10.44,2087,0
9.91,2087,0
9.42,2088,0
10.11,2088,0
11.16,2087,0
11.35,2087,0
11.55,2088,0
9.89,2087,0
10.23,2088,0
10.57,2087,0
9.45,2088,0
9.84,2088,0
10,2088,0
10.34,2087,0
11.24,2087,0
9.98,2088,0
11.14,2087,0
10.4,2087,0
11.34,2087,0
11.54,2087,0
10.12,2087,0
9.74,2088,0
9.18,2088,0
11.29,2087,0
10.48,2088,0
10.97,2087,0
10.99,2087,0
10.96,2087,0
10.59,2087,0
10.46,2087,0
10.45,2088,0
11.57,2087,0
10.23,2088,0
10.85,2088,0
11.48,2087,0
10.53,2087,0
10.49,2088,0
11.45,2087,0
10.57,2087,0
9.88,2087,0
10.09,2088,0
10.08,2087,0
9.61,2087,0
11.63,2088,0
9.64,2087,0
10.13,2087,0
11,2088,0
11.04,2088,0
10.53,2088,0
10.23,2087,0
10.58,2088,0
11.36,2087,0
10.4,2087,0
11.15,2088,0
11.24,2087,0
11.38,2087,0
11.54,2088,0
10.39,2087,0
11.55,2087,0
10.1,2087,0
11.13,2088,0
11.16,2087,0
10.27,2087,0
11.32,2088,0
10.06,2087,0
10.87,2087,0
10.52,2087,0
9.27,2088,0
10.27,2087,0
11.44,2088,0
10.97,2088,0
10.99,2087,0
10,2088,0
9.45,2087,0
10.96,2088,0
11.35,2087,0
10.76,2087,0
10.4,2087,0
10.88,2087,0
10.61,2087,0
10.71,2087,0
11.91,2088,0
11.29,2087,0
10.04,2088,0
10.24,2088,0
10.89,2087,0
10.52,2087,0
10.53,2087,0
11.32,2088,0
9.91,2088,0
10.34,2087,0
10.53,2088,0
11.56,2087,0
10.82,2087,0
10.61,2088,0
10.16,2087,0
10.58,2087,0
10.74,2088,0
11.14,2087,0
11.22,2088,0
10.4,2087,0
10.56,2087,0
9.77,2087,0
9.46,2087,0
10.11,2088,0
9.93,2087,0
9.75,2087,0
10.89,2087,0
9.99,2088,0
9.33,2088,0
10.37,2088,0
10.65,2088,0
10.19,2087,0
10.68,2088,0
10.93,2087,0
9.93,2087,0
10.9,2088,0
10.54,2087,0
11.48,2088,0
9.46,2087,0
9.37,2087,0
10.48,2087,0
10.22,2088,0
10.39,2088,0
10.55,2087,0
9.74,2087,0
10.44,2087,0
10.25,2088,0
10.58,2088,0
10.25,2088,0
11.12,2087,0
10.86,2088,0
11.04,2088,0
10.24,2087,0
10.14,2088,0
10.02,2088,0
9.35,2088,0
10.9,2088,0
10.64,2087,0
10.57,2088,0
11.75,2088,0
11.38,2087,0
10.71,2088,0
10.19,2088,0
11.32,2088,0
10.36,2088,0
9.82,2087,0
10.31,2088,0
10.26,2087,0
11.6,2087,0
11.03,2087,0
10.07,2087,0
11.09,2088,0
10.27,2087,0
11.27,2087,0
9.64,2087,0
10.85,2087,0
10.24,2087,0
10.49,2087,0
10.68,2087,0
9.8,2088,0
10.19,2087,0
10.6,2088,0
10.87,2088,0
10.95,2089,0
10.78,2089,0
11.65,2089,0
10.68,2089,0
10.8,2089,0
11.73,2090,0
10.93,2089,0
10.55,2090,0
11.53,2089,0
11.14,2089,0
10.73,2089,0
10.47,2090,0
9.72,2089,0
11.02,2089,0
9.92,2089,0
9.97,2090,0
10.91,2090,0
11.07,2089,0
10.92,2089,0
10.5,2089,0
9.82,2089,0
10.45,2089,0
11.09,2089,0
11.48,2090,0
11.26,2089,0
9.96,2089,0
10.26,2090,0
11.49,2090,0
11.42,2089,0
10.54,2090,0
11.09,2090,0
11.21,2090,0
10.02,2090,0
11.36,2089,0
11.19,2089,0
10.27,2090,0
10.97,2090,0
10.52,2089,0
11.42,2090,0
9.87,2090,0
11.24,2089,0
10.2,2090,0
10.69,2089,0
11.13,2089,0
10.39,2090,0
10.52,2089,0
10.05,2090,0
10.48,2089,0
11.07,2089,0
9.92,2090,0
11.34,2089,0
10.49,2089,0
10.33,2090,0
9.6,2089,0
10.47,2089,0
10.96,2089,0
10.86,2089,0
11.71,2089,0
11.29,2089,0
11.34,2090,0
10.85,2089,0
11.25,2090,0
10.89,2089,0
10.73,2089,0
10.86,2089,0
10.97,2089,0
10.44,2090,0
10.99,2089,0
11.58,2089,0
10.64,2090,0
11.41,2090,0
11.16,2090,0
10.26,2090,0
11.15,2089,0
10.98,2090,0
11.61,2089,0
10.28,2089,0
11.11,2089,0
10.65,2089,0
11.1,2090,0
11.77,2090,0
10.91,2089,0
9.44,2089,0
11.67,2089,0
9.66,2090,0
11.97,2090,0
10.13,2090,0
10.79,2090,0
10.97,2089,0
11.92,2090,0
10.49,2090,0
10.23,2090,0
10.54,2089,0
10.53,2090,0
11.54,2089,0
11.22,2089,0
10.29,2090,0
10.95,2090,0
11.33,2089,0
11.22,2089,0
11.39,2089,0
9.84,2090,0
10.88,2089,0
10.13,2089,0
10.83,2089,0
11.78,2090,0
11.33,2090,0
11.8,2089,0
11.1,2090,0
10.37,2089,0
10.14,2089,0
10.57,2089,0
11.06,2090,0
9.9,2089,0
11.21,2089,0
10.6,2089,0
10.63,2090,0
11.02,2089,0
11.17,2090,0
10.8,2090,0
11.01,2089,0
10.42,2089,0
10.5,2089,0
10.83,2090,0
10.65,2089,0
11.78,2089,0
11.25,2089,0
9.99,2089,0
11.07,2090,0
11.14,2089,0
9.85,2090,0
10.7,2089,0
11.55,2090,0
11.22,2089,0
10.94,2089,0
10.44,2089,0
10.42,2089,0
10.09,2090,0
10.96,2089,0
11.21,2089,0
11.24,2089,0
10.42,2089,0
10.43,2089,0
11.35,2089,0
10.38,2090,0
11.48,2090,0
11.4,2089,0
11.2,2089,0
10.05,2089,0
10.13,2092,0
12.12,2092,0
11.85,2091,0
11.85,2091,0
10.48,2092,0
11.57,2091,0
11.28,2092,0
10.1,2091,0
10.22,2091,0
9.81,2091,0
11,2091,0
10.64,2091,0
10.43,2092,0
11.29,2091,0
9.53,2092,0
11.84,2091,0
10.32,2092,0
10.27,2091,0
11.42,2091,0
11.5,2091,0
12.17,2092,0
10.55,2091,0
9.93,2091,0
10.81,2091,0
11.72,2091,0
11.16,2092,0
10.39,2091,0
10.88,2091,0
11.7,2092,0
10.64,2091,0
9.52,2092,0
11,2091,0
12.25,2091,0
11.25,2092,0
10.45,2091,0
9.65,2092,0
11.25,2092,0
10.52,2091,0
10.32,2092,0
11.52,2092,0
10.87,2092,0
10.87,2091,0
11.81,2091,0
10.76,2091,0
11.04,2091,0
10.87,2091,0
11.05,2091,0
10.36,2091,0
10.06,2091,0
11.09,2091,0
10.71,2091,0
11.38,2091,0
10.52,2091,0
10.91,2091,0
11.22,2092,0
10.36,2092,0
9.61,2091,0
10.4,2091,0
10.32,2091,0
11.02,2091,0
9.93,2091,0
10.38,2091,0
9.73,2092,0
10.66,2091,0
10.82,2091,0
10.74,2091,0
10.84,2091,0
10.92,2091,0
10.8,2092,0
10.93,2092,0
11.18,2091,0
10.73,2092,0
10.59,2092,0
11.13,2091,0
11.47,2091,0
10.65,2092,0
10.8,2091,0
10.45,2091,0
11.2,2091,0
11.57,2092,0
11.45,2091,0
11.87,2092,0
10.93,2092,0
10.96,2092,0
12.15,2092,0
11.24,2091,0
12.29,2091,0
10.84,2091,0
11.77,2092,0
10.56,2091,0
11.38,2092,0
10.73,2091,0
11.26,2092,0
9.89,2092,0
10.64,2091,0
10.02,2092,0
12.06,2092,0
11.85,2091,0
11.05,2092,0
10.88,2092,0
11.41,2092,0
10.97,2091,0
11.31,2091,0
11.73,2092,0
10.76,2091,0
10.41,2092,0
11.24,2091,0
11.36,2092,0
10.36,2092,0
10.91,2091,0
11.37,2092,0
10.6,2092,0
10.74,2092,0
10.04,2092,0
9.59,2092,0
11.39,2091,0
11.03,2091,0
10.02,2091,0
10.09,2092,0
10.42,2091,0
11.84,2091,0
10.55,2091,0
10.86,2091,0
10.36,2091,0
10.32,2092,0
11.25,2092,0
11.48,2092,0
12.03,2091,0
11.86,2091,0
11.38,2091,0
11.26,2092,0
11.37,2091,0
11.1,2094,0
9.18,2093,0
11.34,2094,0
11.45,2094,0
11.31,2093,0
12.13,2093,0
11.12,2093,0
10.1,2094,0
11.68,2093,0
9.91,2093,0
11.05,2093,0
11.18,2093,0
10.46,2093,0
9.86,2093,0
10.62,2093,0
10.74,2093,0
11.1,2093,0
10.61,2094,0
11.45,2094,0
10.14,2093,0
11.16,2093,0
9.38,2094,0
10.36,2094,0
11.72,2093,0
10.32,2094,0
11.33,2094,0
11.16,2093,0
11.11,2093,0
10.27,2093,0
10.46,2093,0
10.8,2093,0
11.88,2094,0
10.18,2093,0
11.35,2093,0
10.74,2093,0
10.36,2093,0
11.27,2094,0
10.44,2094,0
11.17,2094,0
10.29,2093,0
11.52,2094,0
11.9,2094,0
11.7,2094,0
10.65,2094,0
11.67,2094,0
9.89,2093,0
10.51,2093,0
10.19,2093,0
11.56,2094,0
11.86,2093,0
11.32,2093,0
11.45,2093,0
12.23,2093,0
11.72,2093,0
11.78,2093,0
9.91,2094,0
10.35,2093,0
11.71,2094,0
10.29,2094,0
9.8,2094,0
10.36,2094,0
10.97,2094,0
11.28,2093,0
10.66,2093,0
10.31,2093,0
11.88,2093,0
12.22,2094,0
11.38,2093,0
11.81,2093,0
10.47,2096,0
11.9,2096,0
10.74,2095,0
11.05,2096,0
11.03,2095,0
10.91,2095,0
10.74,2095,0
10.27,2096,0
11.8,2095,0
11.07,2095,0
11,2095,0
11.13,2095,0
10.43,2095,0
11.18,2095,0
10.96,2096,0
11.35,2095,0
10.77,2096,0
11.62,2096,0
10.6,2096,0
11.01,2095,0
10.44,2095,0
10.2,2095,0
11.46,2095,0
11.46,2095,0
10.94,2095,0
11.91,2095,0
11.29,2096,0
10.34,2095,0
9.98,2095,0
9.75,2095,0
9.62,2096,0
11.31,2095,0
9.99,2095,0
11.65,2097,0
10.29,2097,0
10.17,2097,0
12.44,2097,0
10.46,2098,0
9.88,2097,0
12.26,2098,0
10.64,2097,0
10.8,2098,0
10.37,2097,0
11.42,2098,0
11.07,2098,0
10.5,2097,0
11.83,2097,0
10.2,2097,0
11.57,2098,0
10.72,2097,0
10.93,2098,0
12.04,2097,0
9.98,2099,0
12.28,2100,0
11.33,2100,0
11.44,2100,0
9.16,2099,0
10.3,2100,0
10.47,2100,0
12.55,2099,0
12.48,2099,0
12.31,2099,0
10.3,2099,0
11.8,2099,0
12.09,2099,0
10.13,2099,0
11.77,2099,0
11.27,2101,0
11.21,2102,0
11.07,2102,0
11.89,2101,0
10.81,2101,0
12.24,2101,0
11.1,2102,0
11.4,2102,0
13.25,2104,0
11.76,2103,0
11.2,2104,0
17.92,2106,0
14.17,2105,0
13.42,2105,0
12.38,2107,0
12.57,2108,0
11.3,2110,0
18.63,2123,0
5.300348513,-4,1
10.37979317,655,1
5.978590383,64,1
10.87509435,466,1
12.68309874,1956,1
8.331269331,287,1
8.318279702,336,1
6.483588976,44,1
11.566457,674,1
3.513300113,-3,1
8.957762522,433,1
11.91006597,1637,1
5.697922221,-5,1
8.481768989,164,1
10.17540432,633,1
4.639055596,-4,1
11.318708,786,1
11.02300285,867,1
6.233978157,29,1
12.84493721,1610,1
7.993366802,188,1
6.702187117,82,1
6.815808526,93,1
6.163626784,45,1
8.423265886,282,1
8.237583821,196,1
3.826532479,-4,1
5.971385352,-5,1
7.263278512,113,1
4.262166171,-4,1
10.52143429,783,1
11.89868649,1040,1
10.19350613,469,1
11.35373995,870,1
11.96355034,453,1
11.20295335,1135,1
11.82963071,1143,1
7.016535379,99,1
6.689562457,59,1
5.019038739,-11,1
12.8660505,1466,1
3.883231231,-4,1
7.358566851,218,1
9.323196313,359,1
10.90617085,661,1
12.13391047,1359,1
8.207654201,181,1
5.357361537,-4,1
5.252537929,-3,1
8.417486869,483,1
5.448604528,-4,1
4.56555062,-4,1
3.883400196,-3,1
5.287668022,-4,1
9.248258849,392,1
12.36415328,1141,1
6.007075454,-5,1
3.946580871,-4,1
7.719212064,276,1
9.177724656,526,1
7.425296331,178,1
12.12954568,1329,1
12.13999178,870,1
4.775801449,-4,1
7.732700822,160,1
10.77572032,450,1
3.894829059,-6,1
7.869545662,197,1
7.44152453,192,1
10.78416024,595,1
11.14143938,447,1
10.26821604,625,1
4.258913284,-8,1
9.762516733,590,1
9.36054175,508,1
9.133659075,378,1
11.4606698,450,1
11.08776539,991,1
5.617025855,-4,1
7.760914952,283,1
5.94757491,47,1
9.908108312,440,1
10.05348429,576,1
3.68130132,-5,1
6.002491806,-4,1
7.036351097,63,1
9.670036337,347,1
5.642816988,-4,1
9.499201768,336,1
12.83699512,1649,1
5.383957534,-4,1
11.89141769,1205,1
12.40497853,1500,1
9.747250903,629,1
10.53020487,573,1
5.763991483,-3,1
8.596860539,323,1
10.74891259,862,1
4.683724528,-4,1
4.733523253,-4,1
6.082443203,54,1
5.087035215,-4,1
6.823579969,45,1
6.434337308,58,1
7.339462578,122,1
6.877605335,95,1
7.607988751,159,1
6.567159039,108,1
8.316050989,289,1
12.00051372,1387,1
9.53194159,143,1
7.08038395,69,1
3.75693832,-4,1
8.363980322,142,1
9.993000248,459,1
3.425628139,-4,1
7.75824546,162,1
11.18798981,924,1
7.026459223,100,1
11.06939983,878,1
5.587074658,-6,1
7.817660258,134,1
10.17435373,807,1
4.61015917,-4,1
4.100069903,-20,1
8.118984849,176,1
5.310440699,-3,1
4.871038001,-9,1
10.69749476,734,1
11.09528308,1106,1
8.90152904,234,1
4.67829892,-4,1
10.18576243,628,1
7.362378855,80,1
5.439511949,-4,1
9.550291264,407,1
3.112328052,-4,1
7.860959034,171,1
5.908393816,-4,1
3.13037855,-4,1
6.426403148,116,1
7.01619053,87,1
8.776741362,358,1
5.645405768,-5,1
5.810818741,-4,1
8.072760912,142,1
9.128903021,344,1
7.847140223,271,1
8.905458433,238,1
12.42171448,1391,1
3.141449156,-4,1
11.45546541,767,1
9.078859579,335,1
4.489675657,-4,1
6.301391024,35,1
5.765166596,-3,1
12.9194461,1461,1
8.78355477,328,1
9.587025527,357,1
11.02037491,462,1
5.740129761,-4,1
3.173049506,-4,1
10.20945886,356,1
7.903455467,251,1
12.15372877,1334,1
11.13663072,463,1
12.71608387,1620,1
6.952919372,137,1
11.63504271,887,1
11.28546492,960,1
4.205301813,-4,1
7.533382268,152,1
3.747271049,-4,1
3.745903032,-4,1
8.745955357,362,1
3.296976469,-4,1
9.169812216,516,1
9.710527865,677,1
10.14215481,605,1
9.274265354,142,1
7.473076039,92,1
6.226823732,99,1
4.386453788,-4,1
4.784398139,-4,1
4.200413707,-4,1
8.554888439,216,1
4.076765566,-4,1
8.541641911,234,1
7.351512846,75,1
10.12905813,520,1
8.999172021,331,1
7.705814228,170,1
12.79032459,1536,1
3.464533177,-4,1
11.04273997,623,1
5.74770102,-4,1
5.047473602,-3,1
5.158623171,-4,1
5.493890525,-4,1
12.95125158,1462,1
3.535853392,-4,1
3.128867802,-4,1
9.710683588,505,1
12.92006632,1374,1
9.629119982,487,1
8.273096537,219,1
9.911978069,678,1
10.82324272,642,1
11.29925337,454,1
5.164519274,-4,1
12.02252875,1026,1
5.118386987,-4,1
12.19053498,1417,1
5.124660596,-17,1
8.977120485,292,1
12.27264946,1757,1
3.759864321,-4,1
8.245717768,201,1
12.31163449,1755,1
9.974637132,591,1
3.133096823,-4,1
10.16887208,613,1
10.20289864,712,1
8.50804091,239,1
10.48883921,453,1
10.06202383,591,1
6.893318798,85,1
10.04029206,478,1
5.63609962,-3,1
11.05581132,865,1
11.07975193,620,1
5.359741709,-4,1
5.082006371,-4,1
10.37397983,747,1
5.340402703,-3,1
4.564244834,-4,1
9.333631265,589,1
3.814464098,-4,1
11.94279692,1220,1
5.07911564,-4,1
3.966150296,-4,1
10.29380292,560,1
12.70345226,1571,1
7.855198708,246,1
9.330565004,357,1
9.357489022,584,1
9.576597423,483,1
5.411978933,-4,1
6.008750187,-3,1
9.735245139,440,1
7.500759535,117,1
5.665127353,-4,1
5.702536043,-4,1
8.779640999,359,1
10.04203313,490,1
4.265405089,-4,1
5.744573743,-4,1
8.588794218,272,1
3.482738377,-3,1
8.608234477,273,1
7.259385895,104,1
12.53123047,1152,1
6.602670211,96,1
7.184442133,124,1
8.213753554,252,1
8.852889214,323,1
3.994224648,-4,1
4.559519965,-4,1
4.713179121,-5,1
4.726447724,-4,1
4.381873354,-4,1
5.048653179,-4,1
5.460249831,-4,1
5.542865866,-7,1
9.263028755,273,1
8.118849767,539,1
3.677369975,-3,1
7.141565825,107,1
9.055133422,296,1
7.896689397,125,1
12.06332476,790,1
9.765975736,358,1
4.113662995,-3,1
3.136988452,-4,1
9.642416022,355,1
12.28967588,1459,1
5.337247282,-16,1
12.17618888,1306,1
3.841347003,-3,1
6.744672469,73,1
9.91339505,772,1
7.16074481,109,1
3.453166687,-4,1
10.97222585,877,1
9.183022069,348,1
10.21175045,698,1
6.879664136,81,1
7.689707221,95,1
11.85811715,1040,1
8.734206033,280,1
10.57112548,736,1
4.644814844,-3,1
7.80002718,199,1
4.761839995,-4,1
11.65185839,964,1
4.119735527,-3,1
4.012988021,-3,1
5.204908189,-4,1
11.1010648,782,1
8.226948256,207,1
7.643095482,156,1
11.9230973,450,1
5.144869315,-4,1
5.07117182,-4,1
8.074084463,160,1
4.81966567,-4,1
11.63611316,1034,1
6.766343607,74,1
4.864743613,-9,1
9.804749748,481,1
3.118322545,-4,1
10.46880037,746,1
5.683646007,-4,1
8.659360909,142,1
3.945165167,-4,1
5.185924783,-4,1
11.81739914,1060,1
8.632005381,246,1
5.492201218,-4,1
5.836364667,-5,1
8.538728907,241,1
8.921808306,278,1
11.86141012,1572,1
4.738202306,-4,1
5.454696229,-4,1
4.313325921,-4,1
10.1608222,588,1
10.74437285,567,1
12.49718624,1074,1
3.731310328,-3,1
7.27924508,100,1
6.556104827,109,1
8.871652163,372,1
5.362056298,-4,1
11.81829964,1079,1
12.66609936,1259,1
5.971644371,29,1
10.36756157,523,1
11.29196585,885,1
11.87465693,1756,1
3.125285868,-4,1
4.104388456,-4,1
10.40981488,853,1
5.95668819,-15,1
9.110880119,249,1
8.285474065,305,1
6.989854873,56,1
6.790241717,31,1
6.519295778,53,1
3.589022688,-4,1
5.944156575,-4,1
11.5263009,958,1
8.350024213,230,1
7.977538093,142,1
3.731232374,-4,1
8.488832416,166,1
12.35676499,1801,1
9.954695006,508,1
6.431925236,79,1
9.943380468,420,1
3.398184654,-4,1
11.47425822,454,1
3.674675287,-4,1
7.210447765,133,1
10.78480251,463,1
4.208848352,-4,1
4.476934909,-4,1
10.99219137,672,1
5.264908752,-4,1
11.31362394,947,1
4.591055677,-4,1
3.585373759,-5,1
6.025667562,-4,1
3.532590222,-3,1
7.429876546,65,1
5.147533737,-4,1
6.765627584,86,1
8.121620381,106,1
8.010105237,214,1
8.760110523,280,1
4.22729387,-5,1
8.70423875,358,1
10.45034689,659,1
12.92630035,1276,1
7.590857795,138,1
10.66839724,457,1
4.848669894,-5,1
5.52234923,-4,1
9.469665483,418,1
10.39023603,1093,1
10.67812466,757,1
12.72267545,1009,1
6.515648551,87,1
3.877785611,-4,1
5.045633127,-4,1
11.86308369,919,1
12.12245182,1041,1
12.7714482,1181,1
5.813984333,-7,1
8.655149156,304,1
10.11359802,443,1
6.451035199,17,1
10.23486447,508,1
11.94367664,781,1
10.86425658,451,1
10.14304789,452,1
11.66113944,457,1
11.65709378,787,1
5.770578032,-4,1
6.495991478,89,1
10.63933076,1195,1
9.28125845,418,1
4.859091504,-4,1
9.424579323,532,1
10.26389906,719,1
11.11381634,867,1
3.740850125,-3,1
8.940708405,688,1
11.36391987,939,1
5.957608914,-6,1
7.677581095,146,1
7.293454485,86,1
9.494717181,343,1
4.632526931,-4,1
4.194674931,-4,1
12.98772858,1314,1
9.327484985,312,1
5.468581601,-4,1
7.536666474,160,1
3.836191588,-4,1
12.81087917,1529,1
3.353230941,-4,1
3.827112067,-4,1
8.150452589,190,1
10.55349493,529,1
8.670076859,438,1
12.287995,1226,1
11.36041554,1018,1
6.022924762,-4,1
11.92250872,1353,1
4.802939839,-3,1
7.623491277,152,1
8.5190226,215,1
12.60334011,1144,1
10.51340856,628,1
8.085503395,189,1
4.17818308,-4,1
11.31375966,923,1
8.091780159,219,1
3.842274912,-4,1
8.040548893,264,1
11.51412896,1026,1
4.605809088,-4,1
6.278963203,51,1
12.24312561,1085,1
5.042740972,-4,1
4.102800524,-4,1
6.947226239,20,1
12.53449816,1323,1
9.983219907,636,1
4.281850256,-4,1
6.663587715,71,1
9.892204679,406,1
4.032751447,-4,1
11.48454334,675,1
10.94477791,809,1
9.773101493,860,1
5.553036299,-4,1
8.438149212,223,1
8.271416281,225,1
7.451193524,134,1
6.555947741,50,1
9.46639787,426,1
6.064039006,-4,1
5.273102108,-4,1
5.181475982,-4,1
12.35013506,1424,1
3.838306183,-4,1
5.085223928,-3,1
8.174943788,148,1
6.96229662,73,1
4.891614715,-4,1
8.365454369,236,1
4.487957314,-5,1
9.878457212,613,1
10.90387119,450,1
3.670782428,-4,1
10.96426625,944,1
3.606030253,-4,1
8.830285769,280,1
11.70692042,967,1
5.589892004,-4,1
6.878792637,56,1
11.20360824,710,1
8.659888979,281,1
7.538168878,122,1
10.88509834,799,1
10.54311789,677,1
3.634408926,-5,1
7.802928708,99,1
7.591160343,173,1
10.22674925,496,1
11.49327148,913,1
8.402044337,222,1
6.505859407,33,1
3.554243592,-4,1
5.906239061,20,1
4.783245838,-6,1
6.983504003,84,1
5.608439899,-4,1
10.36641529,721,1
9.525749781,603,1
11.24834955,997,1
4.524081622,-4,1
3.740857689,-5,1
4.720444935,-4,1
8.035154683,166,1
5.001727517,-4,1
12.37349495,1277,1
4.88600774,-4,1
5.730528773,-12,1
3.822297903,-4,1
8.417362254,162,1
4.487404838,-4,1
11.91066537,1133,1
11.50579621,1108,1
9.441097078,448,1
5.279280379,-4,1
4.835206121,-9,1
4.415205578,-4,1
11.38678753,1124,1
5.736009273,-3,1
9.281803638,395,1
8.736256623,263,1
12.54803455,1491,1
3.573945122,-4,1
4.212557947,-4,1
4.529295649,-4,1
9.896547886,524,1
10.66787135,1064,1
9.376000465,403,1
6.054889925,-6,1
5.583759612,-4,1
9.445378211,383,1
12.12374758,918,1
8.901873583,347,1
11.30284528,940,1
9.063205142,340,1
12.4738125,1075,1
11.15740669,874,1
3.519414559,-3,1
12.48894154,1313,1
8.59269785,200,1
3.978801279,-4,1
11.86155787,985,1
6.837883058,109,1
3.439130474,-4,1
8.966889211,273,1
9.449912854,411,1
10.06931315,605,1
4.872544195,-3,1
4.162895787,-3,1
9.639392707,314,1
8.497238701,230,1
9.997704548,612,1
3.621350681,-4,1
10.78647474,456,1
7.883670078,223,1
3.923082385,-4,1
4.633941076,-7,1
5.123954767,-7,1
11.14919242,981,1
8.281653087,249,1
11.78023087,1113,1
8.844709864,551,1
9.389825301,490,1
4.194999704,-5,1
4.565175578,-3,1
9.777097045,431,1
7.083813272,89,1
6.793751453,94,1
12.74391927,1436,1
5.725424849,-6,1
4.913712296,-13,1
7.289436842,85,1
7.18996011,73,1
4.702304342,-4,1
10.94265975,832,1
3.128319319,-4,1
12.58148607,1570,1
8.451855867,162,1
11.54981942,968,1
11.03164267,1078,1
5.053566702,-4,1
7.500509643,161,1
11.21757952,662,1
9.890240527,440,1
12.52333509,1488,1
6.801600885,94,1
5.397239285,-4,1
9.866073022,522,1
7.507124001,180,1
9.352306202,402,1
5.325448255,-4,1
6.224780229,57,1
3.591152146,-4,1
7.850512042,147,1
10.58734449,672,1
3.963640248,-4,1
8.299289905,401,1
8.199900485,228,1
3.722632952,-4,1
3.540432445,-3,1
10.11408619,776,1
7.425640875,226,1
5.06108586,-4,1
4.546171842,-4,1
5.165965023,-3,1
4.422665819,-7,1
7.76940471,133,1
5.956720967,-6,1
12.68473674,1650,1
6.740283727,93,1
4.80720678,-3,1
8.21209724,212,1
3.570990941,-4,1
6.707475464,70,1
5.070694941,-4,1
7.222842394,102,1
11.16536343,765,1
9.312453683,520,1
11.02699293,929,1
4.266654038,-3,1
10.67746474,639,1
10.82920339,696,1
11.64677634,1794,1
4.775522507,-4,1
10.57691325,704,1
9.05224629,499,1
6.025793108,-4,1
12.6924414,1958,1
8.31625194,256,1
9.957116508,767,1
7.260193496,123,1
12.50883295,1413,1
11.10956403,1149,1
10.86047145,1044,1
9.433503976,346,1
4.733576932,-4,1
8.237275467,242,1
8.082335542,164,1
4.049855645,-3,1
11.07730859,450,1
10.51570981,496,1
5.871516331,-3,1
9.868434942,600,1
11.06594449,1042,1
4.040647814,-4,1
3.295078318,-4,1
7.635611579,153,1
10.94451761,867,1
8.570237831,235,1
3.645457619,-4,1
7.989043297,180,1
7.109847123,65,1
4.505150934,-4,1
3.206331891,-3,1
9.574532627,446,1
7.703712507,175,1
4.705735469,-4,1
8.278750383,226,1
4.584028281,-4,1
9.843982635,539,1
3.601811809,-4,1
7.931190843,182,1
9.130802764,332,1
11.95736827,1392,1
3.365928816,-3,1
3.556211681,-4,1
10.28237562,494,1
8.003115026,238,1
3.803840341,-4,1
7.548832992,154,1
3.49799931,-4,1
11.52929901,1089,1
10.2835808,686,1
11.9110185,454,1
3.573068509,-4,1
3.26812624,-4,1
8.969809975,344,1
10.0080501,510,1
6.784088474,53,1
9.66922819,398,1
5.022280532,-4,1
8.475060364,200,1
8.54735527,290,1
10.23415243,514,1
3.563677558,-5,1
5.21504094,-4,1
11.61755925,1008,1
10.67971299,673,1
8.710560733,310,1
8.858176446,276,1
5.595651435,-3,1
5.030503956,-4,1
9.259834635,349,1
7.606189789,140,1
4.470742882,-5,1
7.575819676,95,1
6.992877541,85,1
10.94995324,751,1
4.893487956,-4,1
10.49013547,644,1
5.572865673,-4,1
8.323480774,297,1
8.54969115,373,1
7.133909013,92,1
12.09441724,782,1
8.466520869,231,1
8.349428402,142,1
10.69840917,750,1
12.37675399,1271,1
8.710449111,350,1
7.94357939,195,1
7.395650227,150,1
11.05923302,1004,1
8.83036542,263,1
6.45166626,45,1
3.470083938,-4,1
4.042381995,-4,1
5.033991195,-4,1
3.907172049,-4,1
7.464835336,114,1
10.78400915,1463,1
9.347228222,376,1
11.35420766,831,1
11.79469108,839,1
3.897164467,-3,1
8.262471781,208,1
11.03006135,557,1
4.243916177,-3,1
4.925801499,-5,1
10.75219492,454,1
7.84185286,179,1
5.330470795,5,1
11.53976944,982,1
11.67959663,1033,1
4.965276525,-3,1
11.35899171,828,1
6.891043992,147,1
7.967011567,173,1
9.640935726,499,1
11.00183513,891,1
4.803276264,-4,1
9.684714267,412,1
5.568862817,-4,1
3.590711249,-4,1
12.2470115,1318,1
8.909132554,347,1
8.109726582,326,1
9.393005267,278,1
6.004672817,-4,1
4.616887379,-4,1
11.58356243,1036,1
6.651642182,49,1
12.60947872,1272,1
9.689628425,559,1
4.893160459,-4,1
5.774080164,-4,1
10.02909376,457,1
12.67031193,1257,1
10.75423372,923,1
9.636996249,534,1
6.666894377,15,1
4.254299054,-4,1
11.42125994,529,1
3.411078041,-4,1
4.132882439,-3,1
11.27444697,961,1
12.4493441,1846,1
8.643429159,222,1
8.257357939,242,1
5.25874614,-4,1
7.525948871,153,1
8.92124747,429,1
3.627351884,-4,1
10.64522912,848,1
7.458661001,107,1
5.418638089,-6,1
10.84073278,454,1
11.08946319,624,1
6.051373864,-4,1
4.64271533,-3,1
12.76416922,1868,1
12.05093582,895,1
6.287557899,24,1
4.984934392,-7,1
12.06561314,1275,1
8.872220406,329,1
3.58413045,-4,1
12.32000161,1446,1
5.942554025,-4,1
10.61998358,906,1
10.91392003,615,1
6.984422035,116,1
11.25588705,805,1
5.41804419,-5,1
7.631501791,185,1
8.9000961,347,1
5.806406926,-7,1
11.21222136,461,1
3.57980641,-3,1
9.243509285,278,1
4.676035683,-4,1
8.235133266,322,1
9.126261707,488,1
9.209399145,225,1
5.977382293,-4,1
9.7097623,144,1
5.276364882,-3,1
7.175319942,105,1
12.30526577,1257,1
5.036861875,-4,1
5.762704858,-4,1
12.13882384,1137,1
10.73630849,705,1
9.257630107,363,1
12.82976172,1334,1
7.703384905,116,1
6.841362224,117,1
4.772003674,-4,1
10.14786081,632,1
11.08135744,1049,1
8.656518642,412,1
11.91066824,780,1
10.9425294,735,1
4.663199641,-7,1
9.061672266,499,1
5.396001214,-7,1
7.600101784,118,1
12.57114295,1253,1
11.03812049,997,1
3.900264435,-5,1
9.894974222,422,1
10.20833662,655,1
9.16826133,295,1
3.659351366,-5,1
3.761664762,-3,1
4.221537485,-4,1
5.948615661,-5,1
6.026870227,-4,1
7.340367656,94,1
8.855415144,273,1
9.43354558,401,1
9.915351258,605,1
9.033314091,311,1
5.253991634,-4,1
3.592650006,-4,1
9.887693532,631,1
8.071022755,239,1
7.630389787,302,1
11.86927278,893,1
11.71648079,992,1
11.07582802,990,1
8.575421116,355,1
10.28055679,498,1
5.316679777,-3,1
11.2051896,1080,1
4.734919579,-4,1
10.22582538,462,1
8.907394508,379,1
4.971344834,-4,1
9.636285758,508,1
9.422631076,371,1
7.760813312,235,1
10.9043559,756,1
11.2376652,793,1
4.334010378,-4,1
5.894693426,-4,1
5.517144522,-4,1
6.971825143,75,1
11.24655272,998,1
3.870139548,-4,1
6.966216971,204,1
7.738727577,208,1
7.233980562,75,1
5.881074361,-3,1
4.286781874,-4,1
6.005161917,-14,1
3.26147501,-4,1
4.51115087,-4,1
12.01014177,1103,1
9.304293724,356,1
5.794894336,-10,1
9.7103484,439,1
8.785582435,226,1
12.25942897,1395,1
10.15916105,683,1
5.263165904,-4,1
4.18224392,-4,1
10.20356857,741,1
10.37688268,462,1
7.271880647,89,1
4.263182888,-4,1
7.257715729,68,1
7.363906511,218,1
5.725798629,-3,1
8.830510724,351,1
7.93413999,267,1
7.573061408,106,1
9.524104076,596,1
10.97005007,717,1
11.78584389,1319,1
9.172126364,362,1
10.93594474,880,1
9.064172449,401,1
5.3624595,-4,1
10.80929094,794,1
8.198986027,225,1
4.269598338,-4,1
6.876760072,55,1
3.610715871,-3,1
10.14338221,516,1
10.16869417,573,1
8.954871459,346,1
5.726087773,-3,1
5.700630886,-4,1
10.35510983,518,1
5.724689634,-4,1
9.656063711,507,1
11.18705757,1086,1
12.48630244,1871,1
11.19218985,782,1
11.01996415,650,1
4.646120172,-4,1
5.231329452,-4,1
4.81335806,-5,1
4.529969981,-4,1
11.0386348,989,1
11.52631594,1122,1
3.52756289,-4,1
10.17801246,626,1
11.93802501,972,1
11.13704075,452,1
12.02530474,1288,1
3.630903031,-4,1
7.124495455,82,1
6.959537557,85,1
7.850678385,213,1
12.80106252,1221,1
5.408315219,-4,1
8.088955109,188,1
5.152145965,-4,1
6.033665785,-3,1
3.536042957,-3,1
6.256310979,46,1
7.243169175,98,1
4.307881872,-4,1
5.552629738,-4,1
7.783757184,199,1
9.794863393,621,1
12.15637988,1268,1
4.897529194,-5,1
8.832215639,244,1
6.000274641,-4,1
11.54393232,934,1
12.06571794,1462,1
9.04785866,342,1
10.30724297,624,1
7.802640707,196,1
7.74005213,137,1
3.437566072,-4,1
9.961145567,743,1
8.268576354,182,1
3.872135451,-4,1
12.74255812,1390,1
5.684665121,-4,1
11.60682455,1549,1
8.256638668,185,1
3.140035726,-4,1
10.90731833,937,1
11.93429582,1662,1
12.50257252,975,1
4.779018016,-4,1
3.535661938,-4,1
10.94648061,802,1
4.283559592,-4,1
8.958158109,345,1
6.584404306,8,1
11.14743898,760,1
3.772117065,-4,1
9.377498656,306,1
8.51913151,161,1
5.153649673,-4,1
10.68253206,555,1
9.677161029,376,1
10.84513339,452,1
4.985489997,-4,1
7.072153623,77,1
3.898533058,-3,1
8.581851737,141,1
4.183452916,-4,1
5.068371098,-13,1
3.932511086,-4,1
12.17620085,1377,1
4.442227892,-4,1
11.49451111,1023,1
5.090966377,-4,1
5.340183108,-17,1
8.767301686,234,1
8.115458415,132,1
5.650056893,-4,1
11.07350245,608,1
8.271898477,163,1
7.372201121,103,1
8.617194989,264,1
9.091626187,340,1
10.65696152,795,1
4.709515575,-4,1
9.167145713,371,1
12.76891617,1329,1
4.092718598,-4,1
3.630694126,-4,1
5.61612643,87,1
9.205810939,356,1
3.968288415,-4,1
4.83798706,-4,1
11.11867597,1250,1
9.921207492,557,1
10.92873902,985,1
3.634430239,-4,1
12.32132595,1625,1
8.519912023,199,1
11.93558279,1401,1
11.24156931,902,1
10.17982217,581,1
7.216766254,88,1
8.385814145,235,1
4.684055356,-4,1
12.63112546,1611,1
4.975731251,-4,1
12.19469462,1476,1
9.233109884,443,1
7.692935747,96,1
5.44977281,-4,1
6.032811394,-4,1
9.592076645,443,1
3.521908293,-4,1
3.118448093,-4,1
4.483699511,-6,1
9.216192743,335,1
6.612338237,56,1
8.445229522,377,1
5.126976575,-12,1
12.52553679,1515,1
10.42561433,625,1
11.10265565,915,1
11.89880377,452,1
9.921285251,513,1
5.049583189,-6,1
3.829129654,-4,1
5.654090774,-4,1
8.81127086,280,1
5.41678744,-4,1
4.153539429,-4,1
3.671071416,-4,1
5.898424732,-4,1
5.648050209,-4,1
4.283891137,-4,1
10.50552608,1043,1
5.148362859,-6,1
7.640887167,142,1
4.172660363,-4,1
5.989107555,-4,1
4.216877114,-4,1
10.77713453,1352,1
5.194719853,-4,1
9.391302602,264,1
10.50376922,448,1
3.681914971,-4,1
4.782525578,-4,1
5.961182268,-10,1
3.135946699,-4,1
8.37416203,245,1
9.997957735,544,1
10.81674596,766,1
3.202235493,-4,1
12.74798222,1464,1
3.213452616,-3,1
3.862837139,-4,1
11.17688073,463,1
10.62524903,799,1
8.85177937,482,1
5.33582859,-4,1
5.39084835,-3,1
5.055945836,-4,1
11.98955475,713,1
11.70250166,814,1
8.108958709,161,1
8.121628076,150,1
4.199041277,-3,1
3.134744467,-4,1
12.62115055,1235,1
6.560744311,46,1
8.824927463,395,1
4.743193295,-6,1
6.912945064,125,1
6.000111921,-4,1
6.284468791,67,1
5.538398062,-4,1
5.242060229,-5,1
11.78842246,1233,1
7.361984763,132,1
10.69334632,984,1
5.709687724,-4,1
4.159322918,-4,1
6.618294654,78,1
5.458222329,-4,1
3.560663619,-4,1
5.967378061,-4,1
9.461110048,349,1
6.022868676,-13,1
3.897450613,-5,1
11.00652769,912,1
11.97005708,768,1
7.481999005,34,1
6.749530639,62,1
10.60200084,677,1
4.237836833,-4,1
5.671172352,-4,1
8.510641533,287,1
5.018980343,-4,1
10.41979074,662,1
7.647827589,149,1
10.86089658,725,1
8.405936062,266,1
5.399640604,-14,1
12.07683419,780,1
7.066660846,91,1
11.27060759,856,1
8.844743242,217,1
11.88436961,1260,1
10.14983784,551,1
7.180762342,116,1
12.61595624,1448,1
11.6775121,1531,1
9.447808759,525,1
7.12614083,109,1
4.537127242,-4,1
10.17381927,494,1
8.280308579,185,1
5.615833594,-6,1
6.006550058,-13,1
8.892136796,302,1
9.703896921,499,1
7.764190062,117,1
8.761191659,281,1
5.446408524,-4,1
6.04165745,-3,1
11.57151329,1210,1
3.252010915,-4,1
5.091246311,-4,1
6.461635199,94,1
7.376424859,117,1
10.74352099,952,1
11.66328317,448,1
5.554740579,-4,1
4.951189992,-4,1
3.516623388,-3,1
8.81598979,429,1
10.62634696,1039,1
6.895880216,65,1
11.55834785,1035,1
11.41630867,817,1
9.404149912,497,1
8.739678406,297,1
11.09019758,742,1
5.222033583,-15,1
9.771821705,354,1
10.75345896,1106,1
12.41191047,1510,1
12.8244718,1578,1
5.791083899,-13,1
5.056810957,-4,1
9.679908819,143,1
9.234635622,361,1
10.67521531,652,1
10.04281816,493,1
12.07534577,1472,1
9.869241464,673,1
10.18401313,615,1
8.397064588,119,1
8.289141477,384,1
6.729748425,98,1
7.253849198,111,1
11.47916716,1342,1
11.82824974,950,1
6.992174479,132,1
9.501707663,754,1
11.9915387,1027,1
10.33365827,555,1
8.401628828,228,1
12.95860385,1902,1
6.05328269,-4,1
8.93220291,328,1
3.830186599,-3,1
10.8093925,779,1
4.572616707,-4,1
10.18502157,457,1
5.040329376,-4,1
8.964867173,427,1
4.189805391,-4,1
7.236063597,109,1
5.912062283,-5,1
9.112738286,411,1
3.506454867,-4,1
7.356323472,115,1
11.77690863,1069,1
9.914315267,522,1
8.412433577,246,1
9.89670083,547,1
7.058654289,79,1
9.785850456,434,1
4.867200331,-4,1
9.47263757,344,1
12.24619692,461,1
